id,ticker,title,category,release_date,provider,url,article_id,Year,Month,day,Score
241579,MSFT,Cloud security firm Netskope raises  169 million   valuation tops  1 billion,news,2018-11-13,Reuters,https://www.investing.com/news/technology-news/cloud-security-firm-netskope-raises-169-million--valuation-tops-1-billion-1687092,1687092,2018,11,13,0
242124,MSFT,Oracle first quarter revenue misses estimates  shares fall,news,2018-09-17,Reuters,https://www.investing.com/news/technology-news/oracle-firstquarter-revenue-up-1-percent-1613448,1613448,2018,09,17,-1
242659,MSFT,Stocks   U S  Futures Fall Ahead of Earnings  Trade Tension Worry ,news,2018-07-19,Investing.com,https://www.investing.com/news/stock-market-news/stocks--us-futures-fall-ahead-of-earnings-trade-tension-worry-1536322,1536322,2018,07,19,-1
243094,MSFT,Oracle s forecast miss overshadows cloud growth  shares fall,news,2018-06-19,Reuters,https://www.investing.com/news/stock-market-news/oracles-quarterly-profit-rises-55-percent-1499219,1499219,2018,06,19,-1
245859,MSFT,Trump Says  America First  Will Benefit World in Davos Speech,news,2018-01-26,Bloomberg,https://www.investing.com/news/economy-news/trump-says-america-first-will-benefit-world-in-davos-speech-1156058,1156058,2018,01,26,1
246498,MSFT,U S  says Facebook  Microsoft disabled North Korean cyber threats,news,2017-12-19,Reuters,https://www.investing.com/news/technology-news/us-says-facebook-microsoft-disabled-north-korean-cyber-actions-1009051,1009051,2017,12,19,-1
247323,TM,Japan s Abe visits Philippines as Duterte s first top guest,news,2017-01-12,Reuters,https://www.investing.com/news/world-news/japan's-abe-visits-philippines-as-duterte's-first-top-guest-452663,452663,2017,01,12,1
247629,TM,Johnson Controls Acquires Smartvue To Boost Video Solution,opinion,2018-04-03,Zacks Investment Research,https://www.investing.com/analysis/johnson-controls-acquires-smartvue-to-boost-video-solution-200303020,200303020,2018,04,03,1
247937,TM,Toyota recalls 340 000 Priuses globally to fix parking brake issue,news,2016-10-12,Reuters,"https://www.investing.com/news/stock-market-news/toyota-recalls-340,000-priuses-globally-to-fix-parking-brake-issue-431840",431840,2016,10,12,-1
248608,TM,Electric Vehicles On Top Gear  Automakers Shift Focus,opinion,2017-09-17,Zacks Investment Research,https://www.investing.com/analysis/electric-vehicles-on-top-gear-automakers-shift-focus-200213884,200213884,2017,09,17,1
248816,TM,VW to cut capex as emissions scandal weakens unions,news,2015-11-19,Reuters,https://www.investing.com/news/stock-market-news/vw-to-cut-capex-as-emissions-scandal-weakens-unions-372116,372116,2015,11,19,-1
249008,TM,Can U S  Auto Sales Recover In The Second Half Of 2017 ,opinion,2017-07-04,Zacks Investment Research,https://www.investing.com/analysis/can-u.s.-auto-sales-recover-in-the-second-half-of-2017-200199034,200199034,2017,07,04,1
249208,MSFT,RBC analyst bullish on cloud  sees GoDaddy focusing on expansion,news,2017-09-01,Seeking Alpha,https://www.investing.com/news/stock-market-news/rbc-analyst-bullish-on-cloud-sees-godaddy-focusing-on-expansion-524788,524788,2017,09,01,0
249297,TM,FANG Stocks Starting To Look At Lot Like The  Nifty Fifty  ,opinion,2016-11-29,ValueWalk,https://www.investing.com/analysis/fang-â€“-stocks-the-street-buys-200167019,200167019,2016,11,29,1
249457,TM,How To Invest In The Ride Sharing Boom,opinion,2016-10-18,Modest Money,https://www.investing.com/analysis/how-to-invest-in-the-ride-sharing-boom-200159280,200159280,2016,10,18,1
250097,TM,Closer To The Shovel Ready Resurrection,opinion,2016-03-31,"Alhambra Investment Partners, LLC",https://www.investing.com/analysis/closer-to-the-shovel-ready-resurrection-200123425,200123425,2016,03,31,1
252393,MSFT,U S  net neutrality advocates blast Pai effort to reverse rules,news,2017-04-07,Reuters,https://www.investing.com/news/technology-news/u.s.-net-neutrality-advocates-blast-pai-effort-to-reverse-rules-472668,472668,2017,04,07,1
253812,MSFT,Twitter users cheer Thursday Night Football live video,news,2016-09-16,Reuters,https://www.investing.com/news/general-news/twitter-users-cheer-thursday-night-football-live-video-426582,426582,2016,09,16,1
254047,MSFT,Big tech may halt earnings recession  if it delivers third quarter numbers,news,2016-08-03,Reuters,"https://www.investing.com/news/technology-news/big-tech-may-halt-earnings-recession,-if-it-delivers-third-quarter-numbers-418382",418382,2016,08,03,-1
255312,MSFT,Justice Department  Silicon Valley discuss online extremism,news,2016-02-24,Reuters,https://www.investing.com/news/technology-news/obama-admin.-hosts-meeting-with-social-media-companies-to-combat-extremism-386317,386317,2016,02,24,-1
256096,MSFT,U S  International Trade Commission clears Microsoft of patent infringement,news,2015-08-28,Reuters,https://www.investing.com/news/technology-news/u.s.-international-trade-commission-clears-microsoft-of-patent-infringement-358315,358315,2015,08,28,0
256681,MSFT,U S  economy contracts in first quarter  dollar hurts corporate profits,news,2015-05-29,Reuters,"https://www.investing.com/news/economic-indicators/u.s.-economy-likely-shrank-in-first-quarter,-but-fundamentals-strong-344039",344039,2015,05,29,-1
267359,XOM,Exxon Mobil opposes weakening Obama era emissions rules  letter to EPA,news,2018-12-18,Reuters,https://www.investing.com/news/stock-market-news/exxon-mobil-opposes-weakening-obamaera-emissions-rules-in-letter-to-epa-1725348,1725348,2018,12,18,-1
267534,XOM,Oversupply fears cloud outlook for U S  crude in 2019,news,2018-11-15,Reuters,https://www.investing.com/news/commodities-news/oversupply-fears-cloud-outlook-for-us-crude-in-2019-1689185,1689185,2018,11,15,-1
267669,XOM,New York sues Exxon for misleading investors on climate change risk,news,2018-10-24,Reuters,https://www.investing.com/news/stock-market-news/new-york-sues-exxon-for-misleading-investors-on-climate-change-risk-1658293,1658293,2018,10,24,-1
268344,XOM,Dow 30 Stock Roundup  Walmart Disappoints  Coca Cola Impresses,opinion,2018-02-22,Zacks Investment Research,https://www.investing.com/analysis/dow-30-stock-roundup-walmart-disappoints-cocacola-impresses-200293548,200293548,2018,02,22,0
268613,XOM,Oil Markets Gain After EIA Reports Significant Crude Draw,opinion,2017-12-21,Zacks Investment Research,https://www.investing.com/analysis/oil-markets-gain-after-eia-reports-significant-crude-draw-200275204,200275204,2017,12,21,0.3333333333333333
268958,XOM,Can Australia Surpass Qatar To Become The Top LNG Exporter ,opinion,2017-10-18,Zacks Investment Research,https://www.investing.com/analysis/can-australia-surpass-qatar-to-become-the-top-lng-exporter-200219807,200219807,2017,10,18,1
269263,XOM,Oil Trims Advance as Storage Drawdown Fails to Impress Traders,news,2017-11-01,Bloomberg,https://www.investing.com/news/commodities-news/oil-trims-advance-as-storage-drawdown-fails-to-impress-traders-761988,761988,2017,11,01,0
269554,KO,Stocks   Coca Cola  Apple Gain in Pre market  GE  Pfizer Sink,news,2018-10-30,Investing.com,https://www.investing.com/news/stock-market-news/stocks--cocacola-apple-gain-in-premarket-ge-pfizer-sink-1665559,1665559,2018,10,30,0
269818,KO,Top 5 things that moved markets this past week,news,2017-07-28,Investing.com,https://www.investing.com/news/stock-market-news/top-5-things-that-moved-markets-this-past-week-511921,511921,2017,07,28,1
270002,KO,U S  stocks hold onto gains as Dow hits highest closing level since July,news,2016-04-20,Investing.com,https://www.investing.com/news/stock-market-news/u.s.-stocks-hold-onto-gains-as-dow-hits-highest-closing-level-since-july-396841,396841,2016,04,20,1
270168,KO,Consumer Staples Continue Rollercoaster Ride Lower,opinion,2017-10-06,David Fabian,https://www.investing.com/analysis/consumer-staples-etfs-face-technical-test-200217067,200217067,2017,10,06,-1
270293,KO,Top Research Reports For Today  MCD  KO  TMUS,opinion,2017-04-26,Zacks Investment Research,"https://www.investing.com/analysis/top-research-reports-for-today:-mcd,-ko,-tmus-200185505",200185505,2017,04,26,1
270517,KO,The Zacks Analyst Blog Highlights  Monster Beverage  Coca Cola  Primo Water And Molson Coors Brewing,opinion,2016-05-19,Zacks Investment Research,"https://www.investing.com/analysis/the-zacks-analyst-blog-highlights:-monster-beverage,-coca-cola,-primo-water-and-molson-coors-brewing-200131213",200131213,2016,05,19,-1
270613,XOM,Permian Basin still holds 60B 70B barrels  study says  but fears persist,news,2017-09-25,Seeking Alpha,https://www.investing.com/news/commodities-news/permian-basin-still-holds-60b70b-barrels-study-says-but-fears-persist-532647,532647,2017,09,25,-1
274114,AAPL,Citi cuts Q1 iPhone production estimates on weak demand,news,2018-12-28,Reuters,https://www.investing.com/news/stock-market-news/citi-cuts-q1-iphone-production-estimates-on-weak-demand-1732647,1732647,2018,12,28,-1
274304,AAPL,Broadcom earnings beat on strong demand for data center products,news,2018-12-06,Reuters,https://www.investing.com/news/technology-news/broadcom-earnings-beat-on-strong-demand-for-enterprise-storage-products-1714044,1714044,2018,12,06,1
274534,AAPL,Prominent managers loaded up on Apple before recent tumble,news,2018-11-14,Reuters,https://www.investing.com/news/stock-market-news/prominent-managers-loaded-up-on-apple-before-recent-tumble-1688891,1688891,2018,11,14,0
274904,AAPL,Apple gets critical iPhone technology in  600 million Dialog deal,news,2018-10-11,Reuters,https://www.investing.com/news/stock-market-news/dialog-semiconductor-signs-600-million-licensing-deal-with-apple-1639938,1639938,2018,10,11,-1
275094,AAPL,China says Trump forces its hand  will retaliate against new U S  tariffs,news,2018-09-18,Reuters,https://www.investing.com/news/economy-news/trump-slaps-tariffs-on-200-billion-in-chinese-goods-threatens-267-billion-more-1613652,1613652,2018,09,18,0
275279,AAPL,Stocks   Campbell Soup Swings Pre market  Apple  Amazon Rise  Dollar General Falls,news,2018-08-30,Investing.com,https://www.investing.com/news/stock-market-news/stocks--campbell-soup-swings-premarket-apple-amazon-rise-dollar-general-falls-1592490,1592490,2018,08,30,-1
275444,AAPL,Trump Said to Plan Meeting With CEOs Including Manley  Nooyi,news,2018-08-07,Bloomberg,https://www.investing.com/news/economy-news/trump-said-to-plan-meeting-with-ceos-including-manley-nooyi-1562889,1562889,2018,08,07,1
275639,AAPL,Ex Apple employee pleads not guilty in trade secret case,news,2018-07-16,Reuters,https://www.investing.com/news/technology-news/exapple-employee-pleads-not-guilty-in-trade-secret-case-1532187,1532187,2018,07,16,-1
275819,AAPL,U S  top court mulls Apple s App Store commissions in antitrust case,news,2018-06-18,Reuters,https://www.investing.com/news/stock-market-news/us-top-court-mulls-apples-app-store-commissions-in-antitrust-case-1496836,1496836,2018,06,18,1
276119,AAPL,Trillion Dollar Windfall Coming For Shareholders  ,news,2018-05-04,Investing.com,https://www.investing.com/news/stock-market-news/trillion-dollar-windfall-coming-for-shareholders-1431407,1431407,2018,05,04,1
276404,AAPL,Zuckerberg on Tim Cook s  extremely glib  criticism,news,2018-04-02,Seeking Alpha,https://www.investing.com/news/stock-market-news/zuckerberg-on-tim-cooks-extremely-glib-criticism-1373406,1373406,2018,04,02,-1
276564,AAPL,Spotify touts growth over profits in listing pitch to retail investors,news,2018-03-15,Reuters,https://www.investing.com/news/technology-news/spotify-says-path-to-profits-clear-ahead-of-stock-market-listing-1343966,1343966,2018,03,15,-1
276804,AAPL,Mi mi mi  super fans of China s Xiaomi stoke IPO ambitions,news,2018-02-14,Reuters,https://www.investing.com/news/technology-news/mi-mi-mi-super-fans-of-chinas-xiaomi-stoke-ipo-ambitions-1243594,1243594,2018,02,14,1
277104,AAPL,Apple receives second downgrade in a week on weaker Q2 expectations,news,2018-01-22,Seeking Alpha,https://www.investing.com/news/stock-market-news/apple-receives-second-downgrade-in-a-week-on-weaker-q2-expectations-1133567,1133567,2018,01,22,-1
277333,AAPL,Bitcoin  Marijuana Stock Crazes Take Root in Canada s Wild West,news,2017-12-22,Bloomberg,https://www.investing.com/news/cryptocurrency-news/bitcoin-marijuana-stock-crazes-take-root-in-canadas-wild-west-1022704,1022704,2017,12,22,-1
277638,AAPL,EU patent fee guidelines to favor Qualcomm  Ericsson  others  sources,news,2017-11-27,Reuters,https://www.investing.com/news/stock-market-news/eu-patent-fee-guidelines-to-favor-qualcomm-ericsson-others-sources-914113,914113,2017,11,27,1
277963,AAPL,Google s latest iPhone rival off to a rocky start,news,2017-10-23,Reuters,https://www.investing.com/news/technology-news/googles-latest-iphone-rival-off-to-a-rocky-start-546105,546105,2017,10,23,-1
278198,AAPL,Music mogul Clive Davis tells of heartbreak over Whitney Houston death,news,2017-10-02,Reuters,https://www.investing.com/news/general-news/music-mogul-clive-davis-tells-of-heartbreak-over-whitney-houston-death-535428,535428,2017,10,02,-1
278309,AAPL,Goldman In More Trouble  Now Embroiled In Singapore Probe,opinion,2018-12-23,Zacks Investment Research,https://www.investing.com/analysis/goldman-in-more-trouble-now-embroiled-in-singapore-probe-200370691,200370691,2018,12,23,-1
278448,AAPL,Apple Shares Gain Ahead of iPhone X Launch,news,2017-09-12,Investing.com,https://www.investing.com/news/stock-market-news/apple-shares-gain-ahead-of-iphone-x-launch-527766,527766,2017,09,12,1
278584,AAPL,Waiting For Gold To Erupt,opinion,2018-12-10,Chris Vermeulen,https://www.investing.com/analysis/waiting-for-gold-to-erupt-200366487,200366487,2018,12,10,1
278744,AAPL,John Wiley   Sons  JW A  Q2 Earnings   Revenues Decline Y Y,opinion,2018-12-05,Zacks Investment Research,https://www.investing.com/analysis/john-wiley--sons-jwa-q2-earnings--revenues-decline-yy-200365594,200365594,2018,12,05,-1
278853,AAPL,Hong Kong traders feel pinch as Apple s China charm fades,news,2017-08-02,Reuters,https://www.investing.com/news/stock-market-news/hong-kong-traders-feel-pinch-as-apples-china-charm-fades-513521,513521,2017,08,02,0
278973,AAPL,Apple ordered to pay  506 million to university in patent dispute,news,2017-07-25,Reuters,https://www.investing.com/news/stock-market-news/apple-ordered-to-pay-$506-million-to-university-in-patent-dispute-509965,509965,2017,07,25,-1
279138,AAPL,Apple Hospitality REIT CEO critically injured in plane crash,news,2017-07-05,Seeking Alpha,https://www.investing.com/news/stock-market-news/apple-hospitality-reit-ceo-critically-injured-in-plane-crash-502409,502409,2017,07,05,-1
279314,AAPL,Marsh   McLennan  MMC  Hits 52 Week High On Solid Q3 Results ,opinion,2018-11-11,Zacks Investment Research,https://www.investing.com/analysis/marsh--mclennan-mmc-hits-52week-high-on-solid-q3-results-200358250,200358250,2018,11,11,1
279414,AAPL,Square  SQ  Stock Still Looks Strong Despite Q3 Selloff  ,opinion,2018-11-08,Zacks Investment Research,https://www.investing.com/analysis/square-sq-stock-still-looks-strong-despite-q3-selloff-200357282,200357282,2018,11,08,1
279533,AAPL,U S   Saudi firms sign tens of billions of dollars of deals as Trump visits,news,2017-05-20,Reuters,"https://www.investing.com/news/economy-news/u.s.,-saudi-firms-sign-tens-of-billions-of-dollars-of-deals-as-trump-visits-486696",486696,2017,05,20,1
279653,AAPL,Einhorn  nursing losses on Tesla  says investors  hypnotized  by Musk,news,2017-05-03,Reuters,"https://www.investing.com/news/stock-market-news/einhorn,-nursing-losses-on-tesla,-says-investors-'hypnotized'-by-musk-479898",479898,2017,05,03,-1
279758,AAPL,Amazon rolls out chatbot tools in race to dominate voice powered tech,news,2017-04-19,Reuters,https://www.investing.com/news/technology-news/amazon-rolls-out-chatbot-tools-in-race-to-dominate-voice-powered-tech-475518,475518,2017,04,19,1
279883,AAPL,U S  equities close mixed  Dow posts third straight session of losses,news,2017-03-20,Investing.com,https://www.investing.com/news/stock-market-news/u.s.-equities-close-mixed:-dow-posts-third-straight-session-of-losses-467524,467524,2017,03,20,-1
280018,AAPL,BT supports Google s Android in EU antitrust row,news,2017-02-06,Reuters,https://www.investing.com/news/stock-market-news/bt-supports-google's-android-in-eu-antitrust-row-458197,458197,2017,02,06,1
280134,AAPL,Knowledge  Certainty  And Destiny  How To Keep Up With Science   Technology,opinion,2018-06-22,Zacks Investment Research,https://www.investing.com/analysis/knowledge-certainty-and-destiny-how-to-keep-up-with-science--technology-200326972,200326972,2018,06,22,1
280242,AAPL,Trump team says Twitter too small to be included in tech meeting,news,2016-12-14,Reuters,https://www.investing.com/news/technology-news/trump-team-says-twitter-too-small-to-be-included-in-tech-meeting-447846,447846,2016,12,14,1
280369,AAPL,The Apple Temptation Of The Stock Market Redux ,opinion,2018-06-06,Dr. Duru,https://www.investing.com/analysis/the-apple-temptation-of-the-stock-market-redux-200322515,200322515,2018,06,06,-1
280559,AAPL,Ingevity To Boost Carbon Activation Capacity In Covington,opinion,2018-05-31,Zacks Investment Research,https://www.investing.com/analysis/ingevity-to-boost-carbon-activation-capacity-in-covington-200321473,200321473,2018,05,31,1
280717,AAPL,Fed jitters and oil pull Wall Street lower  Apple rallies,news,2016-09-14,Reuters,https://www.investing.com/news/stock-market-news/fed-jitters-and-oil-pull-wall-street-lower;-apple-rallies-426120,426120,2016,09,14,-1
280884,AAPL,Eagle Ford  Not Permian  Hogs The Shale Boom Limelight,opinion,2018-05-18,Zacks Investment Research,https://www.investing.com/analysis/eagle-ford-not-permian-hogs-the-shale-boom-limelight-200317480,200317480,2018,05,18,0
280977,AAPL,Twitter loses another corporate communications executive,news,2016-08-04,Reuters,https://www.investing.com/news/technology-news/twitter-loses-another-corporate-communications-executive-418634,418634,2016,08,04,-1
281087,AAPL,U S  senator probes Pokemon GO maker over data privacy concerns,news,2016-07-12,Reuters,https://www.investing.com/news/technology-news/u.s.-senator-probes-pokemon-go-maker-over-data-privacy-concerns-413952,413952,2016,07,12,-1
281229,AAPL,Global Equities Lift And Dollar Eases Slightly Ahead Of Busy Week,opinion,2018-05-07,London Capital Group,https://www.investing.com/analysis/global-equities-lift--dollar-eases-slightly-ahead-of-busy-week-200313592,200313592,2018,05,07,1
281352,AAPL,Apple posts longest losing streak since 1998  could be set for 8  rise,news,2016-05-03,Investing.com,https://www.investing.com/news/industry-buzz/apple-posts-longest-losing-streak-since-1998;-could-be-set-for-8-rise-399532,399532,2016,05,03,-1
281487,AAPL,Qualcomm profit forecast misses estimates as chip shipments drop,news,2016-04-20,Reuters,https://www.investing.com/news/technology-news/qualcomm-revenue-falls-19.5-percent-396834,396834,2016,04,20,-1
281637,AAPL,Apple  privacy czars  grapple with internal conflicts over user data,news,2016-03-21,Reuters,https://www.investing.com/news/technology-news/apple-'privacy-czars'-grapple-with-internal-conflicts-over-user-data-391030,391030,2016,03,21,-1
281762,AAPL,Solid support for Apple in iPhone encryption fight  poll,news,2016-02-24,Reuters,https://www.investing.com/news/technology-news/solid-support-for-apple-in-iphone-encryption-fight:-poll-386212,386212,2016,02,24,1
281907,AAPL,Asia stocks produce tentative gains on Fed s  dovish tilt ,news,2016-01-28,Reuters,"https://www.investing.com/news/stock-market-news/asia-stocks-find-support,-oil-still-unstable-382047",382047,2016,01,28,0
282094,AAPL,Constructive Brexit News Has Pound Punching Well Above Recent Weight,opinion,2018-03-20,Stephen Innes,https://www.investing.com/analysis/many-moving-parts-200299304,200299304,2018,03,20,1
282209,AAPL,Hibbett  HIBB  Q4 Earnings Mixed  Soft FY19 View Hurts Stock,opinion,2018-03-18,Zacks Investment Research,https://www.investing.com/analysis/hibbett-hibb-q4-earnings-mixed-soft-fy19-view-hurts-stock-200299146,200299146,2018,03,18,0
282359,AAPL,Trump And Powell Caused Market Drop Last Week  Likely To Fall More Then Pop ,opinion,2018-03-04,Steve Miller,https://www.investing.com/analysis/trump-and-powell-caused-the-market-to-drop-last-week-likely-to-fall-more-then-pop-200295699,200295699,2018,03,04,0
282459,AAPL,HP  HPQ  Rallies On Stellar Q1 Earnings And Upbeat FY18 View,opinion,2018-02-22,Zacks Investment Research,https://www.investing.com/analysis/hp-hpq-rallies-on-stellar-q1-earnings-and-upbeat-fy18-view-200293544,200293544,2018,02,22,1
282529,AAPL,Pandora s  P  Q4 Loss Widens  Revenues Surpass Estimates,opinion,2018-02-21,Zacks Investment Research,https://www.investing.com/analysis/pandoras-p-q4-loss-widens-revenues-surpass-estimates-200292951,200292951,2018,02,21,0
282654,AAPL,Will Revenue Growth Favor Papa John s  PZZA  Q4 Earnings ,opinion,2018-02-19,Zacks Investment Research,https://www.investing.com/analysis/will-revenue-growth-favor-papa-johns-pzza-q4-earnings-200292054,200292054,2018,02,19,1
282724,AAPL,Can A Strong Game Lineup Aid Activision s  ATVI  Q4 Earnings ,opinion,2018-02-06,Zacks Investment Research,https://www.investing.com/analysis/can-a-strong-game-lineup-aid-activisions-atvi-q4-earnings-200287624,200287624,2018,02,06,1
282811,AAPL,Car dashboards that act like smart phones raise safety issues,news,2015-07-07,Reuters,https://www.investing.com/news/technology-news/car-dashboards-that-act-like-smart-phones-raise-safety-issues-349936,349936,2015,07,07,0
282931,AAPL,A  100 000 check awaits mystery recycler of rare Apple 1 computer,news,2015-05-31,Reuters,"https://www.investing.com/news/technology-news/a-$100,000-check-awaits-mystery-recycler-of-rare-apple-1-computer-344296",344296,2015,05,31,-1
283036,AAPL,Wall St  ends up sharply as investors buy beaten down shares,news,2015-05-01,Reuters,"https://www.investing.com/news/stock-market-news/stock-futures-rise-as-construction,-manufacturing-data-eyed-339854",339854,2015,05,01,-1
283174,AAPL,Will Lower Industrial Segment Profit Hurt GE s Q4 Earnings ,opinion,2018-01-18,Zacks Investment Research,https://www.investing.com/analysis/will-lower-industrial-segment-profit-hurt-ges-q4-earnings-200281773,200281773,2018,01,18,-1
283306,AAPL,Japan s Sharp to cut 6 000 jobs in global restructuring  source,news,2015-03-19,Reuters,"https://www.investing.com/news/stock-market-news/japan's-sharp-to-cut-6,000-jobs-in-global-restructuring:-source-333162",333162,2015,03,19,1
283479,AAPL,The Zacks Analyst Blog Highlights  AnaptysBio    Roku  SMART Global Holdings  UroGen Pharma And Calyxt,opinion,2018-01-01,Zacks Investment Research,https://www.investing.com/analysis/the-zacks-analyst-blog-highlights-anaptysbio--roku-smart-global-holdings-urogen-pharma-and-calyxt-200277028,200277028,2018,01,01,1
283655,AAPL,Samsung Electronics says new smart TVs in 2015 to run Tizen platform,news,2014-12-31,Reuters,https://www.investing.com/news/technology-news/samsung-electronics-says-new-smart-tvs-in-2015-to-run-tizen-platform-321833,321833,2014,12,31,1
283813,AAPL,Marriott  MAR  To Expand With 40 Luxury Openings Next Year,opinion,2017-12-11,Zacks Investment Research,https://www.investing.com/analysis/marriott-mar-to-expand-with-40-luxury-openings-next-year-200272546,200272546,2017,12,11,0
283930,AAPL,Alibaba options set for strong demand on market debut,news,2014-09-26,Reuters,https://www.investing.com/news/technology-news/alibaba-options-set-for-strong-demand-on-market-debut-310869,310869,2014,09,26,1
284040,AAPL,Russia wants Apple  SAP to cooperate against foreign spying,news,2014-07-30,Reuters,"https://www.investing.com/news/technology-news/russia-wants-apple,-sap-to-cooperate-against-foreign-spying-299218",299218,2014,07,30,-1
284215,AAPL,Asia stocks broadly higher  Nikkei ends up 1  on weaker yen,news,2014-04-02,Investing.com,https://www.investing.com/news/stock-market-news/asia-stocks-broadly-higher;-nikkei-ends-up-1-on-weaker-yen-275256,275256,2014,04,02,-1
284348,AAPL,MasTec  MTZ  Rides On Project Wins And Wireless Business,opinion,2017-11-09,Zacks Investment Research,https://www.investing.com/analysis/mastec-mtz-rides-on-project-wins-and-wireless-business-200263976,200263976,2017,11,09,1
284568,AAPL,Soft Chinese Data Weigh On Asian Stocks,opinion,2017-10-31,Ipek Ozkardeskaya,https://www.investing.com/analysis/lcg-morning-call-200257206,200257206,2017,10,31,1
284723,AAPL,FAANG Rotation  Risk On Or Risk Off For Q4 ,opinion,2017-10-02,Candy Matheson,https://www.investing.com/analysis/faang-rotation-risk-on-or-risk-off-for-q4-200216337,200216337,2017,10,02,-1
284828,AAPL,AAPL Is In Trouble,opinion,2017-09-25,Kay Kim,https://www.investing.com/analysis/aapl-trouble-200215264,200215264,2017,09,25,-1
284973,AAPL,4 Technology Stocks That Prove AR VR Has Not Lost Sheen,opinion,2017-09-15,Zacks Investment Research,https://www.investing.com/analysis/4-technology-stocks-that-prove-arvr-has-not-lost-sheen-200213611,200213611,2017,09,15,-1
285113,AAPL,HCA Healthcare Rides On Acquisitions  Weak Volumes Bother ,opinion,2017-09-11,Zacks Investment Research,https://www.investing.com/analysis/hca-healthcare-rides-on-acquisitions-weak-volumes-bother-200212840,200212840,2017,09,11,-1
285288,AAPL,Defense Stock Roundup  UTX COL Sealed Merger News Hit Stocks  HII Wins Big,opinion,2017-09-08,Zacks Investment Research,https://www.investing.com/analysis/defense-stock-roundup-utxcol-sealed-merger-news-hit-stocks-hii-wins-big-200212295,200212295,2017,09,08,1
285453,AAPL,The Zacks Analyst Blog Highlights  Magic Software Enterprises  Extreme Networks  Entegris  Just Energy Group And TELUS,opinion,2017-08-30,Zacks Investment Research,https://www.investing.com/analysis/the-zacks-analyst-blog-highlights-magic-software-enterprises-extreme-networks-entegris-just-energy-group-and-telus-200210737,200210737,2017,08,30,1
285563,AAPL,Skyworks Rides On Solid Demand  Stiff Competition A Concern ,opinion,2017-08-25,Zacks Investment Research,https://www.investing.com/analysis/skyworks-rides-on-solid-demand-stiff-competition-a-concern-200209672,200209672,2017,08,25,-0.3333333333333333
285688,AAPL,Another Stock Market Fear Phase Fizzles,opinion,2017-08-15,Dr. Duru,https://www.investing.com/analysis/above-the-40-august-14-2017--another-fear-phase-fizzles-200207219,200207219,2017,08,15,-1
285823,AAPL,Corning  GLW  Beats Q2 Earnings Estimates On Strong Revenues,opinion,2017-07-25,Zacks Investment Research,https://www.investing.com/analysis/corning-(glw)-beats-q2-earnings-estimates-on-strong-revenues-200203625,200203625,2017,07,25,1
286033,AAPL,Building Confidence In Q2 Earnings  4 Housing Stocks,opinion,2017-07-14,Zacks Investment Research,https://www.investing.com/analysis/building-confidence-in-q2-earnings:-4-housing-stocks-200201278,200201278,2017,07,14,1
286188,AAPL,Why Clipper Realty  CLPR  Might Be A Diamond In The Rough,opinion,2017-07-12,Zacks Investment Research,https://www.investing.com/analysis/why-clipper-realty-(clpr)-might-be-a-diamond-in-the-rough-200200632,200200632,2017,07,12,-1
286293,AAPL,Liberty LiLAC  LILA  Jumps  Stock Rises 9 8 ,opinion,2017-07-11,Zacks Investment Research,https://www.investing.com/analysis/liberty-lilac-(lila)-jumps:-stock-rises-9.8-200200366,200200366,2017,07,11,1
286408,AAPL,Tech Sell Off  Temporary Correction Or Something More Sinister ,opinion,2017-07-05,Brian Gilmartin,https://www.investing.com/analysis/should-we-be-worried-about-technology-and-the-nasdaq-here--200199091,200199091,2017,07,05,-1
286528,AAPL,Apple To Issue  1BN Green Bond,opinion,2017-06-15,Trade12,https://www.investing.com/analysis/apple-to-issue-$1bn-green-bond-200195504,200195504,2017,06,15,-1
286688,AAPL,Superior Industries  SUP  Increases Debt Offering To EUR 250M,opinion,2017-06-09,Zacks Investment Research,https://www.investing.com/analysis/superior-industries-(sup)-increases-debt-offering-to-eur-250m-200194235,200194235,2017,06,09,0
286803,AAPL,Trump Could Pull The US Out Of Paris Climate Accord,opinion,2017-06-01,Marvin Clark,https://www.investing.com/analysis/the-accord-200192563,200192563,2017,06,01,1
286978,AAPL,Qualcomm  QCOM  To Settle License Dispute With BlackBerry,opinion,2017-05-29,Zacks Investment Research,https://www.investing.com/analysis/qualcomm-(qcom)-to-settle-license-dispute-with-blackberry-200191939,200191939,2017,05,29,-1
287138,AAPL,Focus On Fidelity Large Cap Core Enhanced Index Fund  FLCEX ,opinion,2017-05-08,Zacks Investment Research,https://www.investing.com/analysis/focus-on-fidelity-large-cap-core-enhanced-index-fund-(flcex)-200188016,200188016,2017,05,08,1
287273,AAPL,GoPro  GPRO  Posts Q1 Loss  Reports Robust Sales Growth,opinion,2017-04-27,Zacks Investment Research,"https://www.investing.com/analysis/gopro-(gpro)-posts-q1-loss,-reports-robust-sales-growth-200186032",200186032,2017,04,27,0
287488,AAPL,Rockwell Collins  COL  Tops Q2 Earnings  Revises FY17 View,opinion,2017-04-20,Zacks Investment Research,"https://www.investing.com/analysis/rockwell-collins-(col)-tops-q2-earnings,-revises-fy17-view-200184319",200184319,2017,04,20,1
287613,AAPL,Pfizer Gets Regular Approval For Breast Cancer Drug Ibrance,opinion,2017-04-02,Zacks Investment Research,https://www.investing.com/analysis/pfizer-gets-regular-approval-for-breast-cancer-drug-ibrance-200181084,200181084,2017,04,02,0
287733,AAPL,A Bullish S P 500 Breakout Meets A Bearish VIX Breakdown,opinion,2017-01-26,Dr. Duru,https://www.investing.com/analysis/a-bullish-s-p-500-breakout-meets-a-bearish-vix-breakdown-200173674,200173674,2017,01,26,-0.3333333333333333
287947,AAPL,Big Dollar Dips Amid Lack Of Trading Clues,opinion,2016-10-26,Dean Popplewell,https://www.investing.com/analysis/big-dollar-dips-amid-lack-of-trading-clues-200160752,200160752,2016,10,26,-1
288157,AAPL,4 Strong Buy MassMutual Mutual Funds To Consider,opinion,2016-09-15,Zacks Investment Research,https://www.investing.com/analysis/4-strong-buy-massmutual-mutual-funds-to-consider-200154025,200154025,2016,09,15,1
288292,AAPL,7 Stocks The Smart Money Loves   Or Hates,opinion,2016-08-21,Charles Sizemore,https://www.investing.com/analysis/stocks-the-smart-money-are-buyingâ€¦-and-selling-200149082,200149082,2016,08,21,0.3333333333333333
288417,AAPL,Nintendo Stock Falls As Pokemon Go Expects Limited Profitability,opinion,2016-07-25,Zacks Investment Research,https://www.investing.com/analysis/nintendo-stock-falls-as-pokemon-go-expects-limited-profitability-200144017,200144017,2016,07,25,-1
288662,AAPL,U S  Equity ETFs Top Asset Flows Last Week,opinion,2016-05-31,Zacks Investment Research,https://www.investing.com/analysis/u.s.-equity-etfs-top-asset-flows-last-week-200133133,200133133,2016,05,31,1
288787,AAPL,Can GoPro  GPRO  Trump Sinking Top Line And Drone Delay ,opinion,2016-05-09,Zacks Investment Research,https://www.investing.com/analysis/can-gopro-(gpro)-trump-sinking-top-line-and-drone-delay-200128913,200128913,2016,05,09,0
288907,AAPL,Apple Is STILL So Cheap  It s Actually Ridiculous,opinion,2016-04-11,Charles Sizemore,"https://www.investing.com/analysis/apple-still-so-cheap,-itâ€™s-actually-ridiculousâ€¦-200124599",200124599,2016,04,11,-1
289042,AAPL,Is Fitbit Inc A Misunderstood Stock ,opinion,2016-01-14,InvestCorrectly,https://www.investing.com/analysis/is-fitbit-inc-(nyse:fit)-a-misunderstood-stock-379986,379986,2016,01,14,-1
289181,AAPL,European Markets Focused On UK GDP Data US Tune For Consumer Confidence,opinion,2015-10-27,AvaTrade,https://www.investing.com/analysis/european-markets-focused-on-uk-gdp-data-us-tune-for-consumer-confidence-269391,269391,2015,10,27,1
289311,AAPL,12 Signs That Imminent Global Financial Crash Has Become More Likely,opinion,2015-08-12,Michael T. Snyder,https://www.investing.com/analysis/12-signs-that-an-imminent-global-financial-crash-has-become-even-more-261347,261347,2015,08,12,-1
289411,AAPL,Shanghai As Leading SPX Indicator,opinion,2015-07-09,Jesse Felder,https://www.investing.com/analysis/shanghai-as-a-leading-indicator-for-the-s-p-500-257825,257825,2015,07,09,1
289541,AAPL,Gold s Leading Indicators  PBOC  Barrick,opinion,2015-04-28,Stewart Thomson,https://www.investing.com/analysis/gold's-leading-indicators:-pboc---barrick-249917,249917,2015,04,28,1
289701,AAPL,How To Profit From The Greek Debt Crisis,opinion,2015-02-19,Keith Fitz-Gerald,https://www.investing.com/analysis/how-to-profit-from-the-greek-debt-crisis-242397,242397,2015,02,19,-1
289845,AAPL,Apple Consolidation Looks Healthy,opinion,2014-11-07,Petros Steriotis,https://www.investing.com/analysis/apple-consolidation-looks-healthy-231744,231744,2014,11,07,1
289980,AAPL,Amazon Acting Erratically  Short Opportunities In Twitter,opinion,2014-07-30,Justin Smyth,"https://www.investing.com/analysis/amazon-acting-erratically,-short-opportunities-in-twitter-221010",221010,2014,07,30,-1
290125,AAPL,Another Blow Up For Tesla,opinion,2014-02-20,Trading WithWaves,https://www.investing.com/analysis/another-blow-up-for-tesla-203386,203386,2014,02,20,-1
292700,KO,U S  Markets Slump On Fed Rate Debate,opinion,2014-02-19,Midnight Trader,https://www.investing.com/analysis/u.s.-markets-slump-on-fed-rate-debate-203228,203228,2014,02,19,-1
298306,MSFT,Microsoft profit falls on sluggish Windows demand  tax charge,news,2015-01-26,Reuters,"https://www.investing.com/news/technology-news/microsoft-profit-falls-on-sluggish-windows-demand,-tax-charge-325155",325155,2015,01,26,-1
298560,MSFT,U S  stocks trim data driven gains  brace for earnings  Dow up 0 36   ,news,2014-03-28,Investing.com,"https://www.investing.com/news/stock-market-news/u.s.-stocks-trim-data-driven-gains,-brace-for-earnings;-dow-up-0.36-274593",274593,2014,03,28,1
300739,MSFT,Intel  Google   Microsoft Discover New Low Risk Chip Flaws,opinion,2018-05-22,Zacks Investment Research,https://www.investing.com/analysis/intel-google--microsoft-discover-new-lowrisk-chip-flaws-200318730,200318730,2018,05,22,-1
300844,MSFT,Pure Storage  PSTG  Q4 Earnings  Revenues Beat Estimates,opinion,2018-03-05,Zacks Investment Research,https://www.investing.com/analysis/pure-storage-pstg-q4-earnings-revenues-beat-estimates-200295886,200295886,2018,03,05,1
301013,MSFT,Real Disposable Income Per Capita Gains In September,opinion,2017-10-30,Jill Mislinski,https://www.investing.com/analysis/real-disposable-income-per-capita-gains-in-september-200257045,200257045,2017,10,30,1
301173,MSFT,Here s Why Nintendo  NTDOY  Is A Strong Buy Stock,opinion,2017-08-08,Zacks Investment Research,https://www.investing.com/analysis/heres-why-nintendo-ntdoy-is-a-strong-buy-stock-200206056,200206056,2017,08,08,1
301273,MSFT,Top Stock Research Reports For Microsoft  UPS  Alibaba   Others,opinion,2017-06-02,Zacks Investment Research,"https://www.investing.com/analysis/top-stock-research-reports-for-microsoft,-ups,-alibaba---others-200192927",200192927,2017,06,02,1
301442,MSFT,Windstream  WIN  Reports Wider than Expected Loss In Q3,opinion,2016-11-07,Zacks Investment Research,https://www.investing.com/analysis/windstream-(win)-reports-wider-than-expected-loss-in-q3-200163513,200163513,2016,11,07,0
301552,MSFT,Ingram Micro  IM  Expands Its Cloud Marketplace To Brazil,opinion,2016-09-14,Zacks Investment Research,https://www.investing.com/analysis/ingram-micro-(im)-expands-its-cloud-marketplace-to-brazil-200153805,200153805,2016,09,14,-1
301702,MSFT,Why Is Activision Blizzard  ATVI  Stock Gaining Today  ,opinion,2016-06-16,Zacks Investment Research,https://www.investing.com/analysis/why-is-activision-blizzard-(atvi)-stock-gaining-today-200136477,200136477,2016,06,16,1
301871,MSFT,Danger Zone Stock  Marketo  MKTO ,opinion,2015-10-06,David Trainer,https://www.investing.com/analysis/danger-zone:-marketo-(mkto)-267173,267173,2015,10,06,-1
312434,GE,Top Tips For Finding The Best Turnaround Stocks In 2019,opinion,2018-12-12,Zacks Investment Research,https://www.investing.com/analysis/top-tips-for-finding-the-best-turnaround-stocks-in-2019-200367880,200367880,2018,12,12,1
312724,GE,GE Helped Lower By Market Correction  How Low Can It Go  ,opinion,2018-02-18,Anna Coulling,https://www.investing.com/analysis/ge-helped-lower-by-the-market-correction-200291547,200291547,2018,02,18,1
312874,GE,Brazil prosecutors allege jailed GE executive helped company partake in medical cartel,news,2018-07-11,Reuters,https://www.investing.com/news/stock-market-news/brazil-prosecutors-allege-jailed-ge-executive-helped-company-partake-in-medical-cartel-1526058,1526058,2018,07,11,0
313034,GE,Crude Oil Prices   Weekly Outlook  April 30   May 4,news,2018-04-29,Investing.com,https://www.investing.com/news/commodities-news/crude-oil-prices--weekly-outlook-april-30--may-4-1420364,1420364,2018,04,29,-1
313143,GE,4 Top Sector ETFs   Stocks To Outperform In Q1 Earnings,opinion,2017-04-11,Zacks Investment Research,https://www.investing.com/analysis/4-top-sector-etfs---stocks-to-outperform-in-q1-earnings-200182500,200182500,2017,04,11,1
313252,GE,GE Beats Q3 Earnings  Misses Revenues  2016 View Narrowed,opinion,2016-10-20,Zacks Investment Research,"https://www.investing.com/analysis/ge-beats-q3-earnings,-misses-revenues;-2016-view-narrowed-200160014",200160014,2016,10,20,-1
313398,GE,GE raises stake in Sweden s Arcam by buying shares from hedge funds,news,2017-12-27,Reuters,https://www.investing.com/news/stock-market-news/ge-raises-stake-in-swedens-arcam-by-buying-shares-from-hedge-funds-1034257,1034257,2017,12,27,-1
314177,GE,Sensing threat  UPS plans to expand its 3D printing operations,news,2016-09-16,Reuters,"https://www.investing.com/news/technology-news/sensing-threat,-ups-plans-to-expand-its-3d-printing-operations-426774",426774,2016,09,16,-1
314302,GE,Pratt   Whitney head says jet engine output risks easing,news,2016-02-15,Reuters,https://www.investing.com/news/stock-market-news/pratt--amp;-whitney-head-says-jet-engine-output-risks-easing-384789,384789,2016,02,15,0
314501,GE,European stocks fall broadly as Greek debt talks stall  Dax down 0 94 ,news,2015-06-12,Investing.com,https://www.investing.com/news/stock-market-news/european-stocks-fall-broadly-as-greek-debt-talks-stall;-dax-down-0.94-346317,346317,2015,06,12,-1
314745,GE,U S  stocks open mixed after tepid data  Dow Jones up 0 04 ,news,2014-01-17,Investing.com,https://www.investing.com/news/stock-market-news/u.s.-stocks-open-mixed-after-tepid-data;-dow-jones-up-0.04-260989,260989,2014,01,17,-1
379550,AMZN,Day Ahead  Top 3 Things to Watch,news,2018-10-10,Investing.com,https://www.investing.com/news/stock-market-news/day-ahead-top-3-things-to-watch-1639436,1639436,2018,10,10,1
380230,AMZN,Xiaomi Tumbles Nearly 20  From IPO Peak ,news,2018-08-22,Investing.com,https://www.investing.com/news/stock-market-news/xiaomi-tumbles-nearly-20-from-ipo-peak-1582548,1582548,2018,08,22,-1
381030,AMZN,Amazon roundup  Kid friendly content to iOS  first Alabama fulfillment center,news,2018-06-22,Seeking Alpha,https://www.investing.com/news/stock-market-news/amazon-roundup-kidfriendly-content-to-ios-first-alabama-fulfillment-center-1504356,1504356,2018,06,22,1
381340,AMZN,ACLU  Amazon facial rec tech used by police poses a  threat ,news,2018-05-22,Seeking Alpha,https://www.investing.com/news/stock-market-news/aclu-amazon-facial-rec-tech-used-by-police-poses-a-threat-1457709,1457709,2018,05,22,-1
383315,AMZN,China s JD com complains of  serious  U S  protectionism,news,2018-01-24,Reuters,https://www.investing.com/news/technology-news/chinas-jdcom-complains-of-serious-us-protectionism-1145753,1145753,2018,01,24,-1
384394,AMZN,Amazon allowed by law to undercut Australian businesses  regulator,news,2017-11-04,Reuters,https://www.investing.com/news/technology-news/amazon-allowed-by-law-to-undercut-australian-businesses-regulator-763921,763921,2017,11,04,-1
384679,AMZN,Founder of Canadian  Just for Laughs  comedy festival quits amid abuse allegations,news,2017-10-19,Reuters,https://www.investing.com/news/general-news/founder-of-canadian-just-for-laughs-comedy-festival-quits-amid-abuse-allegations-544459,544459,2017,10,19,-1
385085,AMZN,5 Perfect Buys For Rising Rates  And Dividends Up To 6 8  ,opinion,2018-07-03,Brett Owens,https://www.investing.com/analysis/5-perfect-buys-for-rising-rates-and-dividends-up-to-68-200329066,200329066,2018,07,03,1
385935,AMZN,Sprouts Farmers Loses 12  Since Q1 Earnings  Here s Why,opinion,2018-06-06,Zacks Investment Research,https://www.investing.com/analysis/sprouts-farmers-loses-12-since-q1-earnings-heres-why-200322737,200322737,2018,06,06,-1
386545,AMZN,The Big Short  NASDAQ 100  QQQ  Gaps Epic Resistance Retrace,opinion,2018-05-15,Gareth Soloway,https://www.investing.com/analysis/the-big-short-nasdaq-100-qqq-gaps-epic-resistance-retrace-200316141,200316141,2018,05,15,-1
386709,AMZN,Bloomberg  Amazon considering Slack acquisition,news,2017-06-15,Seeking Alpha,https://www.investing.com/news/stock-market-news/bloomberg:-amazon-considering-slack-acquisition-495797,495797,2017,06,15,-1
386830,AMZN,Puma Biotech  PBYI  Q1 Loss Narrows  Sales Miss  Stock Down,opinion,2018-05-09,Zacks Investment Research,https://www.investing.com/analysis/puma-biotech-pbyi-q1-loss-narrows-sales-miss-stock-down-200315036,200315036,2018,05,09,-1
387229,AMZN,Britain loses one billion pounds through VAT fraud and error by Amazon and eBay sellers,news,2017-04-19,Reuters,https://www.investing.com/news/technology-news/britain-loses-$1.28-billion-through-vat-fraud-and-error-by-amazon-and-ebay-sellers-475398,475398,2017,04,19,-1
387510,AMZN,Why Earnings Season Could Be Great For Ferro  FOE ,opinion,2018-04-20,Zacks Investment Research,https://www.investing.com/analysis/why-earnings-season-could-be-great-for-ferro-foe-200307331,200307331,2018,04,20,-1
387685,AMZN,EBay s  EBAY  Q1 Earnings To Gain From Marketplace Growth,opinion,2018-04-19,Zacks Investment Research,https://www.investing.com/analysis/ebays-ebay-q1-earnings-to-gain-from-marketplace-growth-200307493,200307493,2018,04,19,1
387870,AMZN,3 Tech Stocks To Buy Amid Possible Market Recovery  ,opinion,2018-04-11,Zacks Investment Research,https://www.investing.com/analysis/3-tech-stocks-to-buy-amid-possible-market-recovery-200304833,200304833,2018,04,11,1
388275,AMZN,Lennar s  LEN  Q1 Earnings   Revenues Improve Y Y,opinion,2018-04-03,Zacks Investment Research,https://www.investing.com/analysis/lennars-len-q1-earnings--revenues-improve-yy-200303042,200303042,2018,04,03,1
388455,AMZN,Did President Trump Send Amazon  AMZN  Stock Lower ,opinion,2018-03-28,Zacks Investment Research,https://www.investing.com/analysis/did-president-trump-send-amazon-amzn-stock-lower-200301524,200301524,2018,03,28,1
389592,AMZN,Barnes   Noble sales fall for fifth straight quarter,news,2015-09-09,Reuters,https://www.investing.com/news/technology-news/barnes--amp;-noble-sales-fall-for-fifth-straight-quarter-360770,360770,2015,09,09,0
393389,AMZN,4 Strong Reasons To Buy Retail ETFs Ahead Of Black Friday,opinion,2017-11-19,Zacks Investment Research,https://www.investing.com/analysis/4-strong-reasons-to-buy-retail-etfs-ahead-of-black-friday-200266857,200266857,2017,11,19,1
396494,AMZN,Is PayPal Likely To Benefit From Swift Financial Buyout ,opinion,2017-08-14,Zacks Investment Research,https://www.investing.com/analysis/is-paypal-likely-to-benefit-from-swift-financial-buyout-200207303,200207303,2017,08,14,1
398114,AMZN,Walmart Is Crushing Amazon In China ,opinion,2017-05-18,Zacks Investment Research,https://www.investing.com/analysis/walmart-is-crushing-amazon-in-china-200190106,200190106,2017,05,18,-1
398279,AMZN,Why Schwab Will Dominate The World Of Low Cost ETF Investing,opinion,2017-05-04,Zacks Investment Research,https://www.investing.com/analysis/why-schwab-will-dominate-the-world-of-low-cost-etf-investing-200187200,200187200,2017,05,04,1
398674,AMZN,Productivity Myths Shattered  Is Productivity Rising Or Falling  Why ,opinion,2017-04-05,Mike (Mish) Shedlock,https://www.investing.com/analysis/productivity-myths-shattered:-is-productivity-rising-or-falling-why-200181353,200181353,2017,04,05,-1
399833,AMZN,Stocks Stage A Nice Comeback After 1st Presidential Debate,opinion,2016-09-28,Warren Bevan,https://www.investing.com/analysis/back-on-track-200155896,200155896,2016,09,28,1
402012,AMZN,Global Markets  A Bang Or A Whimper,opinion,2015-04-29,Gary Christenson,https://www.investing.com/analysis/with-a-bang-or-a-whimper-250078,250078,2015,04,29,-1
415989,MMM,3M raises 2017 profit forecast  first quarter results top estimates,news,2017-04-25,Reuters,https://www.investing.com/news/stock-market-news/post-it-maker-3m's-quarterly-profit-rises-3.8-percent-477050,477050,2017,04,25,1
419864,JNJ,Johnson   Johnson gets court reversal of verdict over talc cancer risks,news,2017-10-17,Seeking Alpha,https://www.investing.com/news/stock-market-news/johnson--johnson-gets-court-reversal-of-verdict-over-talc-cancer-risks-543120,543120,2017,10,17,-1
420005,JNJ,Aduro  ADRO  Q3 Loss Narrower Than Expected  Revenues Lag,opinion,2018-10-30,Zacks Investment Research,https://www.investing.com/analysis/aduro-adro-q3-loss-narrower-than-expected-revenues-lag-200352475,200352475,2018,10,30,-1
420120,JNJ,3 Top Large Cap Value Mutual Funds For Stupendous Returns,opinion,2018-02-07,Zacks Investment Research,https://www.investing.com/analysis/3-top-largecap-value-mutual-funds-for-stupendous-returns-200288390,200288390,2018,02,07,1
429585,JPM,Is JPMorgan Large Cap Growth A  OLGAX  A Strong Mutual Fund Pick Right Now ,opinion,2018-02-13,Zacks Investment Research,https://www.investing.com/analysis/is-jpmorgan-large-cap-growth-a-olgax-a-strong-mutual-fund-pick-right-now-200290367,200290367,2018,02,13,1
429759,JPM,3 Strong Buy JP Morgan Mutual Funds For Great Returns,opinion,2017-12-27,Zacks Investment Research,https://www.investing.com/analysis/3-strong-buy-jp-morgan-mutual-funds-for-great-returns-200276361,200276361,2017,12,27,1
429975,JPM,U S  weekly jobless claims data bolsters labor market outlook,news,2018-10-18,Reuters,https://www.investing.com/news/economy-news/us-weekly-jobless-claims-drop-continuing-claims-lowest-since-1973-1649716,1649716,2018,10,18,-1
430410,JPM,European bank stocks lose more ground as concerns on Turkey spread,news,2018-08-13,Reuters,https://www.investing.com/news/stock-market-news/european-bank-stocks-lose-more-ground-as-concerns-on-turkey-spread-1571368,1571368,2018,08,13,-1
430590,JPM,U S  inflation steadily firming  labor market strong,news,2018-07-12,Reuters,https://www.investing.com/news/economic-indicators/us-weekly-jobless-claims-fall-to-twomonth-low-1527131,1527131,2018,07,12,1
430734,JPM,Gold Advances Among Softer U S  Yields,opinion,2017-04-14,Ipek Ozkardeskaya,https://www.investing.com/analysis/lcg-morning-call-200182936,200182936,2017,04,14,1
430830,JPM,JPMorgan s Dimon sees more innings left in economic recovery,news,2018-06-01,Seeking Alpha,https://www.investing.com/news/stock-market-news/jpmorgans-dimon-sees-more-innings-left-in-economic-recovery-1477567,1477567,2018,06,01,1
431325,JPM,JPMorgan plans new Manhattan headquarters in boost to Midtown,news,2018-02-21,Reuters,https://www.investing.com/news/economy-news/jpmorgan-plans-new-manhattan-headquarters-in-boost-to-midtown-1289503,1289503,2018,02,21,1
432104,JPM,Cryptos   Bitcoin Prices Jump Back Above  4K in Impressive Turnaround,news,2017-09-18,Investing.com,https://www.investing.com/news/cryptocurrency-news/cryptos--bitcoin-prices-jump-back-above-4k-in-impressive-turnaround-529981,529981,2017,09,18,1
432784,JPM,Portugal breaks ranks as star euro zone bond performer,news,2017-05-04,Reuters,https://www.investing.com/news/economy-news/portugal-breaks-ranks-as-star-euro-zone-bond-performer-480101,480101,2017,05,04,-1
433428,JPM,Wall Street surges after Trump wins White House,news,2016-11-09,Reuters,https://www.investing.com/news/stock-market-news/futures-tumble-as-trump-opens-path-to-white-house-438917,438917,2016,11,09,1
433853,JPM,Brexit remains biggest threat to UK growth  say economists,news,2016-05-11,Reuters,"https://www.investing.com/news/economy-news/brexit-remains-biggest-threat-to-uk-growth,-say-economists-401310",401310,2016,05,11,-1
434547,JPM,JPMorgan in advanced talks to settle forex investigation,news,2015-05-05,Reuters,https://www.investing.com/news/economy-news/jpmorgan-says-currency-probe-settlement-talks-in-'advanced-stages'-340404,340404,2015,05,05,1
438089,XOM,Exxon CEO Woods urges Trump to back Paris climate accord,news,2017-05-26,Seeking Alpha,https://www.investing.com/news/stock-market-news/exxon-ceo-woods-urges-trump-to-back-paris-climate-accord-489064,489064,2017,05,26,1
438348,XOM,4 Top Oil Stocks With Winning Streaks At Earnings Season,opinion,2016-08-24,Zacks Investment Research,https://www.investing.com/analysis/4-top-oil-stocks-with-winning-streaks-at-earnings-season-200149819,200149819,2016,08,24,1
438528,XOM,New York court orders Exxon  PwC to comply with NY AG subpoena,news,2016-10-26,Reuters,"https://www.investing.com/news/stock-market-news/new-york-court-orders-exxon,-pwc-to-comply-with-ny-ag-subpoena-435020",435020,2016,10,26,-1
438882,XOM,Exxon Mobil s Profits Fall 46  In First Quarter,news,2015-04-30,International Business Times,https://www.investing.com/news/stock-market-news/exxon-mobil's-profits-fall-46-in-first-quarter-339695,339695,2015,04,30,-1
441980,PFE,Pfizer To Post Upbeat Earnings,opinion,2018-01-30,Trade12,https://www.investing.com/analysis/pfizer-to-post-upbeat-earnings-200284831,200284831,2018,01,30,1
442234,PFE,Sangamo s  SGMO  Hemophilia A Drug Gets Fast Track Status ,opinion,2017-05-17,Zacks Investment Research,https://www.investing.com/analysis/sangamo's-(sgmo)-hemophilia-a-drug-gets-fast-track-status-200189783,200189783,2017,05,17,1
442524,T,Slim s America Movil posts third quarter loss  hurt by Colombia payment,news,2017-10-24,Reuters,https://www.investing.com/news/stock-market-news/america-movil-reports-net-loss-of-955-billion-pesos-in-third-quarter-547017,547017,2017,10,24,-1
442674,T,FCC website hit by attacks after  net neutrality  proposal,news,2017-05-08,Reuters,https://www.investing.com/news/technology-news/fcc-website-hit-by-attacks-after-'net-neutrality'-proposal-481308,481308,2017,05,08,-1
442838,T,U S  consumers should be free to sue banks  credit card companies  agency,news,2016-05-06,Reuters,"https://www.investing.com/news/stock-market-news/u.s.-regulator-seeks-return-of-class-action-suits-against-credit-cards,-banks-400181",400181,2016,05,06,0
